barcode;name;brand;category
7790580160807;ACEITE BOTELLA ARCOR ACEITE DE MAÍZ 12 X 900 Ml.;ARCOR;ALIMENTOS
7790580160807;ACEITE MAIZ x900cc;ARCOR;ALIMENTOS
7790580113469;AGRUPADO AGUILA 12 X 8 X 48 Cc.;ARCOR;HELADOS
7790580121914;AGRUPADO CINDOR 12 X 6 X 50 Cc.;ARCOR;HELADOS
7790580127589;AGRUPADO COFLER 12 X 4 X 50 Cc.;ARCOR;HELADOS
7790580127565;AGRUPADO MR POP'S 12 X 6 X 40 Cc.;ARCOR;HELADOS
7790580127572;AGRUPADO PALITO BOMBÓN HELADO 12 X 6 X 40 Cc.;ARCOR;HELADOS
7790580126292;AGUIL 70% CACAO x 150g;ARCOR;CHOCOLATES
7790580122287;AGUILA PREMEZCLAS BROWNIE AGUILA 12 X 425 Gr.;ARCOR;ALIMENTOS
7790580127732;AGUILA PREMEZCLAS CHOCOLATE 12 X 540 Gr.;ARCOR;ALIMENTOS
7790580127756;AGUILA PREMEZCLAS MARMOLADO 12 X 560 Gr.;ARCOR;ALIMENTOS
7790580122300;AGUILA PREMEZCLAS TORTA AGUILA 12 X 450 Gr.;ARCOR;ALIMENTOS
7790580127749;AGUILA PREMEZCLAS VAINILLA 12 X 540 Gr.;ARCOR;ALIMENTOS
7790580130022;ARCOR TRES CREMAS 8U X 1 Kg.;ARCOR;HELADOS
7790580982102;ARVEJAS ARCOR 24 X 300 Gr.;ARCOR;ALIMENTOS
7790580127534;AZUCAR COMUN TIPO A 10X1K;ARCOR;AGROINDUSTRIA
7790580127541;AZUCAR MASCABO X500G;ARCOR;AGROINDUSTRIA
7790580127534;AZÚCAR COMÚN TIPO A 10 X 1 Kg.;ARCOR;AGROINDUSTRIA
7790580127541;AZÚCAR MASCABO 500 Gr.;ARCOR;AGROINDUSTRIA
7790580124168;BARRA DE ARROZ ARCOR 6 X 20 X 16 Gr.;ARCOR;CHOCOLATES
7790580124304;BARRAS COOKIES & CREAM 6 X 16 X 45 Gr.;ARCOR;NUTRICIÓN
7790580126759;BARRAS ORIGINAL 6 X 16 X 45 Gr.;ARCOR;NUTRICIÓN
7790580315405;BARRITA AGUILA 24x14g.;ARCOR;CHOCOLATES
7790580130282;BARRITA AGUILA SA. 40 U X 34 Gr.;ARCOR;HELADOS
7790580116019;BARRITA CACAO AGUILA 24x14gr;ARCOR;CHOCOLATES
7790580118969;BARRITAS BAÑADAS BARRITA AGUILA 40 X 49 Cc.;ARCOR;HELADOS
7790580504410;BATATA ESTUCHE x 500Gr.;ARCOR;ALIMENTOS
7790580173708;BATATA LATA C/CHOC.x5Kg.;ARCOR;ALIMENTOS
7790580502300;BATATA LATA x5 Kg.;ARCOR;ALIMENTOS
7790580504809;BATATA VAIN.C/CHOCOL.x500g.;ARCOR;ALIMENTOS
7790580501204;BATATA VAIN.CAJON x 5Kg.;ARCOR;ALIMENTOS
7790580501105;BATATA c/CH.CAJON x 5Kg.;ARCOR;ALIMENTOS
7790580127725;BAÑOS DE REPOSTERÍA COLOR CELESTE SABOR VAINILLA 8 X 6 X 150 Gr.;ARCOR;CHOCOLATES
7790580125547;BAÑOS DE REPOSTERÍA COLOR ROSA SABOR FRUTILLA 8 X 6 X 150 Gr.;ARCOR;CHOCOLATES
7790580626600;BIZCOCHUELOS GODET CHOCOLATE 12 X 480 Gr.;ARCOR;ALIMENTOS
7790580236519;BIZCOCHUELOS GODET MARMOLADO 12 X 500 Gr.;ARCOR;ALIMENTOS
7790580626419;BIZCOCHUELOS GODET VAINILLA 12 X 480 Gr.;ARCOR;ALIMENTOS
7790580219000;BOC. CABSHA ACRILICOx18u.;ARCOR;CHOCOLATES
7790580104207;BOCADITO HOLANDA x50u.;ARCOR;GOLOSINAS
7790580107987;BOCADITOS AGUILA BOCADITO MENTA 24 X 15 X 14 Gr.;ARCOR;CHOCOLATES
7790580219000;BOCADITOS CABSHA BOCADITO CABSHA 48 X 18 X 10 Gr.;ARCOR;CHOCOLATES
7790580106935;BOMBON DE FRUTA X 500gr;ARCOR;GOLOSINAS
7790580722708;BOMBON TOFI LECHE 32x15Gr;ARCOR;CHOCOLATES
7790580105242;BOMBONES COFLER BLOCK 15 X 20 X 18 Gr.;ARCOR;CHOCOLATES
7790580722708;BOMBONES TOFI TOFI LECHE 12 X 32 X 15 Gr.;ARCOR;CHOCOLATES
7790580111243;BOMBONES Y BOCADITOS BON O BON CITOS 12 X 180 Cc.;ARCOR;HELADOS
7790580108366;BOMBONES Y BOCADITOS COFLER CITOS AMERICANA 12 X 200 Cc.;ARCOR;HELADOS
7790580109479;BOMBONES Y BOCADITOS COFLER CITOS DULCE DE LECHE 12 X 200 Cc.;ARCOR;HELADOS
7790580102517;BON O BON AGUILA 16 X 18 X 15 Gr.;ARCOR;CHOCOLATES
7790580102517;BON O BON AGUILA x18u;ARCOR;CHOCOLATES
7790580119065;BON O BON BCO x 18u;ARCOR;CHOCOLATES
7790580119058;BON O BON BLANCO 12 X 30 X 15 Gr.;ARCOR;CHOCOLATES
7790580119065;BON O BON BLANCO 16 X 18 X 15 Gr.;ARCOR;CHOCOLATES
7790580119058;BON O BON BLANCO x 30u;ARCOR;CHOCOLATES
7790580117771;BON O BON CHOCOLINAS 16 X 18 X 15 Gr.;ARCOR;CHOCOLATES
7790580117771;BON O BON CHOCOLINAS x 18u;ARCOR;CHOCOLATES
7790580119157;BON O BON LECH x 18u;ARCOR;CHOCOLATES
7790580119133;BON O BON LECHE 12 X 30 X 15 Gr.;ARCOR;CHOCOLATES
7790580119157;BON O BON LECHE 16 X 18 X 15 Gr.;ARCOR;CHOCOLATES
7790580119164;BON O BON LECHE 24 X 7 X 15 Gr.;ARCOR;CHOCOLATES
7790580119164;BON O BON LECHE X7U;ARCOR;CHOCOLATES
7790580119133;BON O BON LECHE x30u;ARCOR;CHOCOLATES
7790580119126;BON O BON SURTIDO 24 X 272 Gr.;ARCOR;CHOCOLATES
7790580119126;BON O BON SURTIDO X17U;ARCOR;CHOCOLATES
7790580118853;BUTTER BON O BON x822g;ARCOR;GOLOSINAS
7790580118426;BUTTER CREAM x 810gr;ARCOR;GOLOSINAS
7790580118860;BUTTER MINT. X822G;ARCOR;GOLOSINAS
7790580118839;BUTTER TOFF CHOC BLANCO x 822gr;ARCOR;GOLOSINAS
7790580118785;BUTTER TOFF CHOCOLATE X 822gr;ARCOR;GOLOSINAS
7790580118587;BUTTER TOFFEES CAFE x820g;ARCOR;GOLOSINAS
7790580118877;BUTTER TOFFEES D LECHE x 822g;ARCOR;GOLOSINAS
7790580118570;BUTTER TOFFEES LECHE x825g;ARCOR;GOLOSINAS
7790580118846;BUTTER TOFFES AGUILAx822g.;ARCOR;GOLOSINAS
7790580402907;CACAO EN POLVO ARCOR ARCOA 20 X 360 Gr.;ARCOR;ALIMENTOS
7790580402808;CACAO EN POLVO ARCOR ARCOA 32 X 180 Gr.;ARCOR;ALIMENTOS
7790580128524;CAR. ARCOR CHERRY x 800gr;ARCOR;GOLOSINAS
7790580344207;CAR. BASTON VIENA x 470 Gr.;ARCOR;GOLOSINAS
7790580102869;CAR. CRISTAL MIX X810G;ARCOR;GOLOSINAS
7790580118358;CAR. FRESH CRISTAL x405g.;ARCOR;GOLOSINAS
7790580470906;CAR. GAJITOS x485g.;ARCOR;GOLOSINAS
7790580118273;CAR. MENTA CHOCOLATE x715g;ARCOR;GOLOSINAS
7790580118341;CAR. MENTA CRISTAL x810g.;ARCOR;GOLOSINAS
7790580118297;CAR. RELL MIEL+MTA x335gr;ARCOR;GOLOSINAS
7790580118280;CAR. RELLENO MIEL x 675g;ARCOR;GOLOSINAS
7790580296506;CAR. RODAJAS CRAZY X465G;ARCOR;GOLOSINAS
7790580214104;CAR. RODAJAS SURT x930G;ARCOR;GOLOSINAS
7790580471309;CAR. SAQ. DE FRUTA x 810 Gr.;ARCOR;GOLOSINAS
7790580607401;CELOFAN BCO.x25Gr.;ARCOR;CHOCOLATES
7790580120399;CELOFAN CACAO 50% X25GR;ARCOR;CHOCOLATES
7790580607203;CELOFAN LECHE x25Gr.;ARCOR;CHOCOLATES
7790580125769;CELOFAN MANI x 25g;ARCOR;CHOCOLATES
7790580124304;CEREALMIX RELL. MANZANA x32g.;ARCOR;NUTRICIÓN
7790580128371;CHIC POOSH FRUTILLA x250g;ARCOR;GOLOSINAS
7790580128357;CHIC POOSH TUTTI FRUTTI x 250g;ARCOR;GOLOSINAS
7790580128371;CHICLE RELLENO ARCOR FRUTILLA 18 x 250 Gr.;ARCOR;GOLOSINAS
7790580128357;CHICLE RELLENO ARCOR TUTTI FRUTTI 18 x 250 Gr.;ARCOR;GOLOSINAS
7790580110024;CHOC EXTRA FINO 60% CACAO x 150gr;ARCOR;CHOCOLATES
7790580005825;CHOCOL.TAZA AGUILA x225g.;ARCOR;CHOCOLATES
7790580120399;CHOCOLATE 25 GR. ARCOR 50% CACAO 12 X 30 X 25 Gr.;ARCOR;CHOCOLATES
7790580607401;CHOCOLATE 25 GR. ARCOR BLANCO 12 X 30 X 25 Gr.;ARCOR;CHOCOLATES
7790580607203;CHOCOLATE 25 GR. ARCOR LECHE 12 X 30 X 25 Gr.;ARCOR;CHOCOLATES
7790580125769;CHOCOLATE 25 GR. ARCOR LECHE CON MANÍ 12 X 30 X 25 Gr.;ARCOR;CHOCOLATES
7790580585617;CHOCOLATE 8 GR. ARCOR BLANCO 20 X 40 X 8 Gr.;ARCOR;CHOCOLATES
7790580585716;CHOCOLATE 8 GR. ARCOR LECHE 20 X 40 X 8 Gr.;ARCOR;CHOCOLATES
7790580126292;CHOCOLATE AGUILA EXTRAFINO AGUILA 70% CACAO 4 X 15 X 150 Gr.;ARCOR;CHOCOLATES
7790580315405;CHOCOLATE TAZA AGUILA BARRITA AGUILA 24 X 24 X 14 Gr.;ARCOR;CHOCOLATES
7790580005825;CHOCOLATE TAZA AGUILA CHOCOLATE TAZA 6 X 12 X 225 Gr.;ARCOR;CHOCOLATES
7790580322205;CHOCOLATE TAZA GODET CHOCOLATE TAZA 4 X 15 X 100 Gr.;ARCOR;CHOCOLATES
7790580746407;CHOCOLATE TOFI TOFI BLANCO 12 X 25 X 27 Gr.;ARCOR;CHOCOLATES
7790580746704;CHOCOLATE TOFI TOFI BLANCO 8 X 15 X 55 Gr.;ARCOR;CHOCOLATES
7790580746308;CHOCOLATE TOFI TOFI LECHE 12 X 25 X 28 Gr.;ARCOR;CHOCOLATES
7790580746605;CHOCOLATE TOFI TOFI LECHE 8 X 15 X 55 Gr.;ARCOR;CHOCOLATES
7790580119560;CHOCOLITO AGUILA BCO x150g;ARCOR;CHOCOLATES
7790580119560;CHOCOLITOS AGUILA CHOCOLITOS BLANCO 24 X 150 Gr.;ARCOR;CHOCOLATES
7790580252809;CHUP.MR. POPS FRUTAL x50 u.;ARCOR;GOLOSINAS
7790580739003;CHUP.TROMPITO x50u.;ARCOR;GOLOSINAS
7790580252809;CHUPETÍN ESFÉRICO ARCOR FRUTAL 12 x 50 Un.;ARCOR;GOLOSINAS
7790580252908;CHUPETÍN ESFÉRICO ARCOR FRUTAL 24 x 10 Un.;ARCOR;GOLOSINAS
7790580739003;CHUPETÍN ESFÉRICO ARCOR TROMPITO 12 x 50 Un.;ARCOR;GOLOSINAS
7790580105990;COFLER 3 PLACERES X 55gr;ARCOR;CHOCOLATES
7790580126230;COFLER AGUILA SEMIA. 16 X 63 Gr. (80 Cc.);ARCOR;HELADOS
7790580003470;COFLER AIRE ALMENDRA X 100gr;ARCOR;CHOCOLATES
7790580003432;COFLER AIRE ALMENDRA x55g.;ARCOR;CHOCOLATES
7790580003425;COFLER AIRE BCO/LECH.x55g.;ARCOR;CHOCOLATES
7790580003388;COFLER AIRE BLAN/LECHE X 27g;ARCOR;CHOCOLATES
7790580003371;COFLER AIRE BLANCO  X 27gr;ARCOR;CHOCOLATES
7790580003456;COFLER AIRE BLANCO X 100gr;ARCOR;CHOCOLATES
7790580003463;COFLER AIRE BLANCO/LECHE X 100gr;ARCOR;CHOCOLATES
7790580003418;COFLER AIRE BLANCOx55g.;ARCOR;CHOCOLATES
7790580127152;COFLER AIRE BON O BON x 30g;ARCOR;CHOCOLATES
7790580115869;COFLER AIRE BONoBONx67g.;ARCOR;CHOCOLATES
7790580003364;COFLER AIRE LECHE  X 27g;ARCOR;CHOCOLATES
7790580043407;COFLER AIRE LECHE X55gr;ARCOR;CHOCOLATES
7790580003449;COFLER AIRE LECHE x100g.;ARCOR;CHOCOLATES
7790580115845;COFLER AIRE TOFIx70g..;ARCOR;CHOCOLATES
7790580003470;COFLER AIREADO ALMENDRAS 4 X 12 X 100 Gr.;ARCOR;CHOCOLATES
7790580003432;COFLER AIREADO ALMENDRAS 8 X 10 X 55 Gr.;ARCOR;CHOCOLATES
7790580003395;COFLER AIREADO ALMENDRAS 8 X 20 X 27 Gr.;ARCOR;CHOCOLATES
7790580003456;COFLER AIREADO BLANCO 4 X 12 X 100 Gr.;ARCOR;CHOCOLATES
7790580003418;COFLER AIREADO BLANCO 8 X 10 X 55 Gr.;ARCOR;CHOCOLATES
7790580003371;COFLER AIREADO BLANCO 8 X 20 X 27 Gr.;ARCOR;CHOCOLATES
7790580115869;COFLER AIREADO BON O BON 8 X 10 X 67 Gr.;ARCOR;CHOCOLATES
7790580003449;COFLER AIREADO LECHE 4 X 12 X 100 Gr.;ARCOR;CHOCOLATES
7790580043407;COFLER AIREADO LECHE 8 X 10 X 55 Gr.;ARCOR;CHOCOLATES
7790580003364;COFLER AIREADO LECHE 8 X 20 X 27 Gr.;ARCOR;CHOCOLATES
7790580003463;COFLER AIREADO MIXTO 4 X 12 X 100 Gr.;ARCOR;CHOCOLATES
7790580003425;COFLER AIREADO MIXTO 8 X 10 X 55 Gr.;ARCOR;CHOCOLATES
7790580003388;COFLER AIREADO MIXTO 8 X 20 X 27 Gr.;ARCOR;CHOCOLATES
7790580115845;COFLER AIREADO TOFI 8 X 10 X 70 Gr.;ARCOR;CHOCOLATES
7790580128999;COFLER ALMENDRAS x  140gr;ARCOR;CHOCOLATES
7790580123994;COFLER BLOCK ALFA BLOCK 8 X 20 X 40 Gr.;ARCOR;CHOCOLATES
7790580103743;COFLER BLOCK LECHE CON MANÍ 24 X 300 Gr.;ARCOR;CHOCOLATES
7790580108519;COFLER BLOCK LECHE CON MANÍ 64 X 170 Gr.;ARCOR;CHOCOLATES
7790580115579;COFLER BLOCK LECHE CON MANÍ 8 X 1 Kg.;ARCOR;CHOCOLATES
7790580110031;COFLER BLOCK LECHE CON MANÍ 8 X 12 X 110 Gr.;ARCOR;CHOCOLATES
7790580531201;COFLER BLOCK LECHE CON MANÍ 8 X 20 X 38 Gr.;ARCOR;CHOCOLATES
7790580103743;COFLER BLOCK MANI x300gr;ARCOR;CHOCOLATES
7790580531201;COFLER BLOCK MANIx38g.;ARCOR;CHOCOLATES
7790580108519;COFLER BLOCK X 170gr;ARCOR;CHOCOLATES
7790580110031;COFLER BLOCK x 110gr;ARCOR;CHOCOLATES
7790580115579;COFLER BLOCKAZO x1KG.;ARCOR;CHOCOLATES
7790580128982;COFLER CHOCOLINA  BCO x 140gr;ARCOR;CHOCOLATES
7790580003531;COFLER CHOCOLINA x55g;ARCOR;CHOCOLATES
7790580105655;COFLER CHOCOLINAS BLANCO X 100gr;ARCOR;CHOCOLATES
7790580120559;COFLER EXTRA BARRA COFLER CHOCOLINAS 6 X 20 X 30 Gr.;ARCOR;CHOCOLATES
7790580115692;COFLER EXTRA BARRA COFLER EXTRA BON O BON 6 X 20 X 35 Gr.;ARCOR;CHOCOLATES
7790580103835;COFLER EXTRA BARRA COFLER EXTRA COCO 6 X 20 X 32 Gr.;ARCOR;CHOCOLATES
7790580955106;COFLER EXTRA BARRA COFLER EXTRA MENTA 6 X 20 X 30 Gr.;ARCOR;CHOCOLATES
7790580619602;COFLER EXTRA MARROC;ARCOR;CHOCOLATES
7790580124069;COFLER GRAFFITI 45g;ARCOR;CHOCOLATES
7790580124045;COFLER GRAFFITI BCO x45g;ARCOR;CHOCOLATES
7790580043506;COFLER LEC/ALME x55g;ARCOR;CHOCOLATES
7790580003579;COFLER LECHE X 100gr;ARCOR;CHOCOLATES
7790580128975;COFLER LECHE x 140gr;ARCOR;CHOCOLATES
7790580003487;COFLER LECHE x55g;ARCOR;CHOCOLATES
7790580043506;COFLER MACIZO ALMENDRAS 12 X 10 X 55 Gr.;ARCOR;CHOCOLATES
7790580128999;COFLER MACIZO ALMENDRAS 36 x 140 Gr.;ARCOR;CHOCOLATES
7790580003562;COFLER MACIZO ALMENDRAS 4 X 16 X 100 Gr.;ARCOR;CHOCOLATES
7790580003531;COFLER MACIZO CHOCOLINAS 12 X 10 X 55 Gr.;ARCOR;CHOCOLATES
7790580128982;COFLER MACIZO CHOCOLINAS 36 x 140 Gr.;ARCOR;CHOCOLATES
7790580105655;COFLER MACIZO CHOCOLINAS 4 X 16 X 100 Gr.;ARCOR;CHOCOLATES
7790580123956;COFLER MACIZO CHOCOTITAS 12 X 10 X 64 Gr.;ARCOR;CHOCOLATES
7790580003487;COFLER MACIZO LECHE 12 X 10 X 55 Gr.;ARCOR;CHOCOLATES
7790580128975;COFLER MACIZO LECHE 36 x 140 Gr.;ARCOR;CHOCOLATES
7790580003579;COFLER MACIZO LECHE 4 X 16 X 100 Gr.;ARCOR;CHOCOLATES
7790580003524;COFLER MACIZO ROCKLETS 12 X 10 X 55 Gr.;ARCOR;CHOCOLATES
7790580003555;COFLER MACIZO ROCKLETS 4 X 16 X 100 Gr.;ARCOR;CHOCOLATES
7790580105990;COFLER MACIZO TRES PLACERES 12 X 10 X 55 Gr.;ARCOR;CHOCOLATES
7790580123949;COFLER MACIZO YOGURT DE FRUTILLA 12 X 10 X 64 Gr.;ARCOR;CHOCOLATES
7790580123949;COFLER RELL YOGURT FRUT x 64g;ARCOR;CHOCOLATES
7790580003753;COFLER RELLENOS BLANCO CON DULCE DE LECHE 8 X 20 X 42 Gr.;ARCOR;CHOCOLATES
7790580123987;COFLER RELLENOS COCO Y DULCE DE LECHE 8 X 20 X 35 Gr.;ARCOR;CHOCOLATES
7790580255602;COFLER RELLENOS DULCE DE LECHE 8 X 20 X 42 Gr.;ARCOR;CHOCOLATES
7790580123963;COFLER RELLENOS MOUSSE DE AVELLANAS 8 X 20 X 35 Gr.;ARCOR;CHOCOLATES
7790580123970;COFLER RELLENOS YOGHURT FRUTILLA 8 X 20 X 35 Gr.;ARCOR;CHOCOLATES
7790580003524;COFLER ROCKLETS x55g;ARCOR;CHOCOLATES
7790580123970;COFLER YOGURT FRUTILLA x 35g;ARCOR;CHOCOLATES
7790580118426;COLADOS DUROS ARCOR BUTTER N CREAM 6 x 810 Gr.;ARCOR;GOLOSINAS
7790580128524;COLADOS DUROS ARCOR CHERRY 10 x 800 Gr.;ARCOR;GOLOSINAS
7790580118358;COLADOS DUROS ARCOR FRESH CRISTAL 12 x 405 Gr.;ARCOR;GOLOSINAS
7790580470609;COLADOS DUROS ARCOR MENTA CRISTAL 36 x 150 Gr.;ARCOR;GOLOSINAS
7790580118341;COLADOS DUROS ARCOR MENTA CRISTAL 6 x 810 Gr.;ARCOR;GOLOSINAS
7790580102869;COLADOS DUROS ARCOR MIX CRISTALES 6 x 810 Gr.;ARCOR;GOLOSINAS
7790580128531;COLADOS DUROS ARCOR STRONG 10 x 800 Gr.;ARCOR;GOLOSINAS
7790580118846;COLADOS LECHE ARCOR AGUILA 6 x 822 Gr.;ARCOR;GOLOSINAS
7790580101978;COLADOS LECHE ARCOR BON O BON 36 x 150 Gr.;ARCOR;GOLOSINAS
7790580118853;COLADOS LECHE ARCOR BON O BON 6 x 822 Gr.;ARCOR;GOLOSINAS
7790580118587;COLADOS LECHE ARCOR CAFÉ 6 x 822 Gr.;ARCOR;GOLOSINAS
7790580151300;COLADOS LECHE ARCOR CHOCOLATE 36 x 150 Gr.;ARCOR;GOLOSINAS
7790580118785;COLADOS LECHE ARCOR CHOCOLATE 6 x 822 Gr.;ARCOR;GOLOSINAS
7790580118839;COLADOS LECHE ARCOR CHOCOLATE BLANCO 6 x 822 Gr.;ARCOR;GOLOSINAS
7790580118860;COLADOS LECHE ARCOR CHOKKO MINT 6 x 822 Gr.;ARCOR;GOLOSINAS
7790580127374;COLADOS LECHE ARCOR COCO 6 x 822 Gr.;ARCOR;GOLOSINAS
7790580118877;COLADOS LECHE ARCOR DULCE DE LECHE 6 x 822 Gr.;ARCOR;GOLOSINAS
7790580151201;COLADOS LECHE ARCOR LECHE 36 x 150 Gr.;ARCOR;GOLOSINAS
7790580118570;COLADOS LECHE ARCOR LECHE 6 x 825 Gr.;ARCOR;GOLOSINAS
7790580426606;CONF ROCKLETS MINI 44u x10g;ARCOR;CHOCOLATES
7790580397203;CONOS CONO BON O BON 14 X 135 Cc.;ARCOR;HELADOS
7790580127121;CONOS CUCURUCHO ARCOR CHOCOLATE/AMERICANA 12 X 120 Cc.;ARCOR;HELADOS
7790580111472;CONOS CUCURUCHO ARCOR DDL/AMERICANA 12 X 120 Cc.;ARCOR;HELADOS
7790580111489;CONOS CUCURUCHO ARCOR FRUTILLA/ AMERICANA 12 X 120 Cc.;ARCOR;HELADOS
7790580982508;CONOS CUCURUCHO COFLER AMERICANA/DDL 14 X 135 Cc.;ARCOR;HELADOS
7790580110208;CREMINO SURT.x940g;ARCOR;GOLOSINAS
7790580501204;DULCE BATATA ARCOR CAJÓN 5 Kg.;ARCOR;ALIMENTOS
7790580501105;DULCE BATATA ARCOR CON CHOCOLATE CAJÓN 5 Kg.;ARCOR;ALIMENTOS
7790580504809;DULCE BATATA ARCOR CON CHOCOLATE ESTUCHE 12 X 500 Gr.;ARCOR;ALIMENTOS
7790580173708;DULCE BATATA ARCOR CON CHOCOLATE LATA 2 X 5 Kg.;ARCOR;ALIMENTOS
7790580504410;DULCE BATATA ARCOR ESTUCHE 12 X 500 Gr.;ARCOR;ALIMENTOS
7790580502300;DULCE BATATA ARCOR LATA 2 X 5 Kg.;ARCOR;ALIMENTOS
7790580505806;DULCE MEMBRILLO ARCOR CAJÓN 5 Kg.;ARCOR;ALIMENTOS
7790580504601;DULCE MEMBRILLO ARCOR ESTUCHE 12 X 500 Gr.;ARCOR;ALIMENTOS
7790580470906;DUROS ARCOR GAJITOS 12 x 485 Gr.;ARCOR;GOLOSINAS
7790580470807;DUROS ARCOR GAJITOS 36 x 150 Gr.;ARCOR;GOLOSINAS
7790580214104;DUROS ARCOR RODAJAS 6 x 930 Gr.;ARCOR;GOLOSINAS
7790580296506;DUROS ARCOR RODAJAS CRAZY 12 x 465 Gr.;ARCOR;GOLOSINAS
7790580110024;EXTRAFINO AGUILA 60% CACAO 4 X 15 X 150 Gr.;ARCOR;CHOCOLATES
7790580116019;EXTRAFINO BARRITA AGUILA 60% CACAO 24 X 24 X 12 Gr.;ARCOR;CHOCOLATES
7790580111083;FLANES GODET DULCE DE LECHE 48 X 30 Gr.;ARCOR;ALIMENTOS
7790580111076;FLANES GODET VAINILLA 48 X 30 Gr.;ARCOR;ALIMENTOS
7790580587307;FLICS FRUTA x14u.;ARCOR;GOLOSINAS
7790580587307;FLICS FRUTILLA 30 x 14 x 12,6 Gr.;ARCOR;GOLOSINAS
7790580587109;FLICS MENTA 30 x 14 x 12,6 Gr.;ARCOR;GOLOSINAS
7790580587109;FLICS MENTA x14u.;ARCOR;GOLOSINAS
7790580113445;GELATINA MOGUL CEREZA 48 X 30 Gr.;ARCOR;ALIMENTOS
7790580113346;GELATINA MOGUL FRUTILLA 48 X 30 Gr.;ARCOR;ALIMENTOS
7790580113353;GELATINA MOGUL MANZANA 48 X 30 Gr.;ARCOR;ALIMENTOS
7790580127794;GELATINA MOGUL SANDÍA 48 X 30 Gr.;ARCOR;ALIMENTOS
7790580113377;GELATINA MOGUL UVA 48 X 30 Gr.;ARCOR;ALIMENTOS
7790580110727;GELATINAS BC ANANÁ LIGHT 48 X 20 Gr.;ARCOR;ALIMENTOS
7790580110994;GELATINAS BC CEREZA LIGHT 48 X 20 Gr.;ARCOR;ALIMENTOS
7790580113322;GELATINAS BC DURAZNO LIGHT 48 X 20 Gr.;ARCOR;ALIMENTOS
7790580110987;GELATINAS BC FRUTILLA LIGHT 48 X 20 Gr.;ARCOR;ALIMENTOS
7790580110949;GELATINAS GODET CEREZA 48 X 30 Gr.;ARCOR;ALIMENTOS
7790580110963;GELATINAS GODET DURAZNO 48 X 30 Gr.;ARCOR;ALIMENTOS
7790580110956;GELATINAS GODET FRAMBUESA 48 X 30 Gr.;ARCOR;ALIMENTOS
7790580110932;GELATINAS GODET FRUTILLA 48 X 30 Gr.;ARCOR;ALIMENTOS
7790580113483;GELATO AGUILA CHOCOLATE 6 X 450 Cc.;ARCOR;HELADOS
7790580112578;GELATO AGUILA GRANIZADO 6 X 450 Cc.;ARCOR;HELADOS
7790580118143;GELATO BON O BON 6 X 450 Cc.;ARCOR;HELADOS
7790580112400;GELATO SUPER DULCE DE LECHE 6 X 450 Cc.;ARCOR;HELADOS
7790580127565;HEL. AGRUP MR POPS FRUT/ANA 6x40g;ARCOR;HELADOS
7790580127572;HEL. AGRUP PALITO BOMBON x6un;ARCOR;HELADOS
7790580112653;HEL. BOMBON ARCOR KIDSx30u.;ARCOR;HELADOS
7790580111243;HEL. CITOS BON O BON X 12u;ARCOR;HELADOS
7790580126230;HEL. COFLER AGUILA S/A 16x63gr;ARCOR;HELADOS
7790580395803;HEL. COFLER ALMENDRA 16x80cc;ARCOR;HELADOS
7790580108397;HEL. COFLER BLOCK X 16u;ARCOR;HELADOS
7790580121334;HEL. COFLER CHOCOLINAS x16U;ARCOR;HELADOS
7790580397203;HEL. CONO BONoBON 14u.x135cc;ARCOR;HELADOS
7790580982508;HEL. CONO COFLER DUO 14u.x135cc;ARCOR;HELADOS
7790580524203;HEL. FANTA 16x80cc;ARCOR;HELADOS
7790580112578;HEL. GELATO AME/GRAN x 250g;ARCOR;HELADOS
7790580118143;HEL. GELATO BoB 250g.;ARCOR;HELADOS
7790580112400;HEL. GELATO COF DDL x 250g;ARCOR;HELADOS
7790580127107;HEL. MOG EXTRE SANDIA 30x50g;ARCOR;HELADOS
7790580121921;HEL. PALITO CINDOR  24x60;ARCOR;HELADOS
7790580524104;HEL. PALITO ROCKLETS x16u;ARCOR;HELADOS
7790580121877;HEL. POSTRE AGUILA x 637g;ARCOR;HELADOS
7790580121884;HEL. POSTRE ALMENDRADO x 675gr;ARCOR;HELADOS
7790580121907;HEL. POSTRE BON O BON x 637gr;ARCOR;HELADOS
7790580121860;HEL. POSTRE TOFI X 637gr;ARCOR;HELADOS
7790580024901;HEL. SLICE FRUTILLA C/FTA. 22x70cc;ARCOR;HELADOS
7790580708405;HEL. SLICE LIMON 22x70cc;ARCOR;HELADOS
7790580130022;HEL. TRES CREMAS AME DDL FRUT;ARCOR;HELADOS
7790580454210;HEL. TRES CREMAS CHOC VAI DDL;ARCOR;HELADOS
7790580113469;HEL.BARRlTA AGUlLA AMER.x8u.;ARCOR;HELADOS
7790580357610;HUEVO TOY'S HUEVO TOY'S 8 X 12 X 22 Gr.;ARCOR;CHOCOLATES
7790580983307;JARDINERA 24 X 300 Gr.;ARCOR;ALIMENTOS
7790580308100;JELLY BUTTON  MOGUL x1.k;ARCOR;GOLOSINAS
7790580106416;JUGO EN POLVO ARCOR ANANÁ 12 X 18 X 20 Gr.;ARCOR;ALIMENTOS
7790580111632;JUGO EN POLVO ARCOR DURAZNO 12 X 18 X 20 Gr.;ARCOR;ALIMENTOS
7790580106041;JUGO EN POLVO ARCOR LIMONADA 12 X 18 X 20 Gr.;ARCOR;ALIMENTOS
7790580111649;JUGO EN POLVO ARCOR MANGO NARANJA 12 X 18 X 20 Gr.;ARCOR;ALIMENTOS
7790580106379;JUGO EN POLVO ARCOR MANZANA 12 X 18 X 20 Gr.;ARCOR;ALIMENTOS
7790580106386;JUGO EN POLVO ARCOR MULTIFRUTA 12 X 18 X 20 Gr.;ARCOR;ALIMENTOS
7790580106362;JUGO EN POLVO ARCOR NARANJA 12 X 18 X 20 Gr.;ARCOR;ALIMENTOS
7790580106423;JUGO EN POLVO ARCOR NARANJA BANANA 12 X 18 X 20 Gr.;ARCOR;ALIMENTOS
7790580106430;JUGO EN POLVO ARCOR NARANJA DULCE 12 X 18 X 20 Gr.;ARCOR;ALIMENTOS
7790580106393;JUGO EN POLVO ARCOR NARANJA DURAZNO 12 X 18 X 20 Gr.;ARCOR;ALIMENTOS
7790580105419;JUGO TETRA.ARCOR.MANZ. X200CC;ARCOR;ALIMENTOS
7790580105389;JUGO TETRA.ARCOR.MULTIF. X200CC;ARCOR;ALIMENTOS
7790580005405;JUGO TETRA.ARCOR.NARAN. X200C;ARCOR;ALIMENTOS
7790580105419;JUGOS ARCOR 200 ML MANZANA 24 X 200 Ml.;ARCOR;ALIMENTOS
7790580105389;JUGOS ARCOR 200 ML MULTIFRUTA 24 X 200 Ml.;ARCOR;ALIMENTOS
7790580005405;JUGOS ARCOR 200 ML NARANJA 24 X 200 Ml.;ARCOR;ALIMENTOS
7790580411541;JUGOS EN POLVO ARCOR FRUTILLA 12 X 18 X 20 Gr.;ARCOR;ALIMENTOS
7790580111663;JUGOS EN POLVO BC ANANÁ 16 X 18 X 9 Gr.;ARCOR;LA CAMPAGNOLA
7790580984205;JUGOS EN POLVO BC LIMONADA 16 X 18 X 9.3 Gr.;ARCOR;LA CAMPAGNOLA
7790580984304;JUGOS EN POLVO BC MANGO NARANJA 16 X 18 X 7.9 Gr.;ARCOR;LA CAMPAGNOLA
7790580984700;JUGOS EN POLVO BC MANZANA ROJA 16 X 18 X 8.5 Gr.;ARCOR;LA CAMPAGNOLA
7790580984106;JUGOS EN POLVO BC NARANJA 16 X 18 X 9.7 Gr.;ARCOR;LA CAMPAGNOLA
7790580984403;JUGOS EN POLVO BC NARANJA DULCE 16 X 18 X 9.5 Gr.;ARCOR;LA CAMPAGNOLA
7790580111700;JUGOS EN POLVO BC NARANJA DURAZNO 16 X 18 X 9 Gr.;ARCOR;LA CAMPAGNOLA
7790580117450;KOPA CHOCOLATE 12 X 190 Cc.;ARCOR;HELADOS
7790580117443;KOPA DULCE DE LECHE 12 X 190 Cc.;ARCOR;HELADOS
7790580117467;KOPA FRUTILLA 12 X 190 Cc.;ARCOR;HELADOS
7790580106003;LECHE ARCOR CHOCOMANI 12 x 125 Un.;ARCOR;GOLOSINAS
7790580110109;LECHE ARCOR CREMINO COCO 6 x 940 Gr.;ARCOR;GOLOSINAS
7790580103248;LECHE ARCOR CREMINO SURTIDO 36 x 150 Gr.;ARCOR;GOLOSINAS
7790580110208;LECHE ARCOR CREMINO SURTIDO 6 x 940 Gr.;ARCOR;GOLOSINAS
7790580108304;LECHE ARCOR DULCILAC 10 x 120 Un.;ARCOR;GOLOSINAS
7790580104207;LECHE ARCOR HOLANDA 24 x 50 Gr.;ARCOR;GOLOSINAS
7790580106409;LECHE ARCOR LA VACA LECHERA 16 x 576 Gr.;ARCOR;GOLOSINAS
7790580121921;LICENCIAS CINDOR 24 X 60 Cc.;ARCOR;HELADOS
7790580524203;LICENCIAS FANTA 16 X 80 Cc.;ARCOR;HELADOS
7790580121983;LICENCIAS PALITO SUPER PISTOLA 20 X 50 Cc.;ARCOR;HELADOS
7790580223205;LOTSA FIZZ x 48u.;ARCOR;GOLOSINAS
7790580439309;MANA RELLENA PAQUETE CHOCOLATE 36 X 165 Gr.;ARCOR;GALLETAS
7790580439002;MANA RELLENA PAQUETE FRUTILLA 36 X 165 Gr.;ARCOR;GALLETAS
7790580439200;MANA RELLENA PAQUETE VAINILLA 36 X 165 Gr.;ARCOR;GALLETAS
7790580129040;MANI BAÑADO ARCOR x35gr;ARCOR;CHOCOLATES
7790580110284;MANI C/CHOCOLATE BLOCKx40g.;ARCOR;CHOCOLATES
7790580129040;MANÍ BAÑADO ARCOR 12 X 16 X 35 Gr.;ARCOR;CHOCOLATES
7790580110284;MANÍ C/CHOCOLATE BLOCK MANÍ CON CHOCOLATE BLOCK 60 X 40 Gr.;ARCOR;CHOCOLATES
7790580121457;MANÍ ROCKLETS 40 GRS 12 X 16 X 40 Gr.;ARCOR;CHOCOLATES
7790580735104;MAST. PLEGADOS ARCOR MASTICABLES 16 x 700 Gr.;ARCOR;GOLOSINAS
7790580101107;MAST. PLEGADOS ARCOR MASTICABLES 36 x 150 Gr.;ARCOR;GOLOSINAS
7790580122799;MASTIC. DOBLE RET. ARCOR CRAZY 10 x 800 Gr.;ARCOR;GOLOSINAS
7790580178208;MASTIC. DOBLE RET. ARCOR FRUTALES 10 x 800 Gr.;ARCOR;GOLOSINAS
7790580121464;MASTIC. DOBLE RET. ARCOR YOGUS 10 x 800 Gr.;ARCOR;GOLOSINAS
7790580121266;MASTICABLES CONFITADOS CONFITADOS 8 x 16 x 40 Gr.;ARCOR;GOLOSINAS
7790580122799;MASTICABLES CRAZY  x 800gr;ARCOR;GOLOSINAS
7790580178208;MASTICABLES FRUTA x800g;ARCOR;GOLOSINAS
7790580107987;MEDALLON MENTA AGUILA 15 X 14gr;ARCOR;CHOCOLATES
7790580505806;MEMBRILLO CAJON x 5Kg.;ARCOR;ALIMENTOS
7790580504601;MEMBRILLO ESTUCHE x 500Gr.;ARCOR;ALIMENTOS
7790580468002;MENTHOP. S/AZUCAR CHERRY x12;ARCOR;GOLOSINAS
7790580468101;MENTHOP. S/AZUCAR DURAZNO x12u;ARCOR;GOLOSINAS
7790580468200;MENTHOP. S/AZUCAR MTOL.x12u.;ARCOR;GOLOSINAS
7790580100575;MENTHOP. S/AZUCAR STRONG x12u.;ARCOR;GOLOSINAS
7790580217006;MENTHOPLUS 2 ACIDO CHERRI x12;ARCOR;GOLOSINAS
7790580110901;MENTHOPLUS 2 ACIDO MANZANA 12x28g.;ARCOR;GOLOSINAS
7790580242602;MENTHOPLUS 2 ACIDO NARANJA X12;ARCOR;GOLOSINAS
7790580217006;MENTHOPLUS 2 BLACK CHERRY 12 x 12 x 27,2 Gr.;ARCOR;GOLOSINAS
7790580115548;MENTHOPLUS 2 CAFE LATTE x12u;ARCOR;GOLOSINAS
7790580115548;MENTHOPLUS 2 CAFÉ LATTE 12 x 12 x 28 Gr.;ARCOR;GOLOSINAS
7790580110901;MENTHOPLUS 2 MANZANA 12 x 12 x 28 Gr.;ARCOR;GOLOSINAS
7790580123161;MENTHOPLUS 2 MENTOL 12 x 12 x 28 Gr.;ARCOR;GOLOSINAS
7790580242602;MENTHOPLUS 2 NARANJA 12 x 12 x 27,2 Gr.;ARCOR;GOLOSINAS
7790580101299;MENTHOPLUS CHERRY  x12u;ARCOR;GOLOSINAS
7790580101329;MENTHOPLUS MENTA x12u;ARCOR;GOLOSINAS
7790580101282;MENTHOPLUS MENTHOL x12u;ARCOR;GOLOSINAS
7790580101312;MENTHOPLUS MIEL x 12u;ARCOR;GOLOSINAS
7790580101299;MENTHOPLUS REGULAR CHERRY 12 x 12 x 29,4 Gr.;ARCOR;GOLOSINAS
7790580127053;MENTHOPLUS REGULAR CHERRY 60 x 3 x 29,4 Gr.;ARCOR;GOLOSINAS
7790580101329;MENTHOPLUS REGULAR MENTA 12 x 12 x 29,4 Gr.;ARCOR;GOLOSINAS
7790580101282;MENTHOPLUS REGULAR MENTOL 12 x 12 x 29,4 Gr.;ARCOR;GOLOSINAS
7790580127060;MENTHOPLUS REGULAR MENTOL 60 x 3 x 29,4 Gr.;ARCOR;GOLOSINAS
7790580101312;MENTHOPLUS REGULAR MIEL 12 x 12 x 29,4 Gr.;ARCOR;GOLOSINAS
7790580116934;MENTHOPLUS REGULAR STRONG 12 x 12 x 29,4 Gr.;ARCOR;GOLOSINAS
7790580727406;MENTHOPLUS RESTO POWERADE MOUNTAIN BLAST 12 x 12 x 8 Un.;ARCOR;GOLOSINAS
7790580468002;MENTHOPLUS SIN AZÚCAR CHERRY 12 x 12 x 26,6 Gr.;ARCOR;GOLOSINAS
7790580468101;MENTHOPLUS SIN AZÚCAR DURAZNO 12 x 12 x 26,6 Gr.;ARCOR;GOLOSINAS
7790580468200;MENTHOPLUS SIN AZÚCAR MENTOL 12 x 12 x 26,6 Gr.;ARCOR;GOLOSINAS
7790580126834;MENTHOPLUS SIN AZÚCAR SANDÍA 12 x 12 x 26,6 Gr.;ARCOR;GOLOSINAS
7790580100575;MENTHOPLUS SIN AZÚCAR STRONG 12 x 12 x 26,6 Gr.;ARCOR;GOLOSINAS
7790580116934;MENTHOPLUS STRONG x12u;ARCOR;GOLOSINAS
7790580108816;MENTHOPLUS VITAMIN FRUTILLA 12 x 12 x 29,4 Gr.;ARCOR;GOLOSINAS
7790580108809;MENTHOPLUS VITAMIN LIMONx12u.;ARCOR;GOLOSINAS
7790580108809;MENTHOPLUS VITAMIN LIMÓN 12 x 12 x 29,4 Gr.;ARCOR;GOLOSINAS
7790580121303;MERM. S/AZU DURAZNO ARC x 390gr;ARCOR;ALIMENTOS
7790580121310;MERM. S/AZU FRUTILLA ARC x 390gr;ARCOR;ALIMENTOS
7790580126933;MERM. S/AZU NARANJA ARC. x390g;ARCOR;ALIMENTOS
7790580126926;MERMELADA FR. ARCOR SIN AZÚCAR CIRUELA 12 X 390 Gr.;ARCOR;ALIMENTOS
7790580121303;MERMELADA FR. ARCOR SIN AZÚCAR DURAZNO 12 X 390 Gr.;ARCOR;ALIMENTOS
7790580121310;MERMELADA FR. ARCOR SIN AZÚCAR FRUTILLA 12 X 390 Gr.;ARCOR;ALIMENTOS
7790580126933;MERMELADA FR. ARCOR SIN AZÚCAR NARANJA 12 X 390 Gr.;ARCOR;ALIMENTOS
7790580509309;MERMELADA FRASCO ARCOR CIRUELA 12 X 454 Gr.;ARCOR;ALIMENTOS
7790580509408;MERMELADA FRASCO ARCOR DAMASCO 12 X 454 Gr.;ARCOR;ALIMENTOS
7790580509507;MERMELADA FRASCO ARCOR DURAZNO 12 X 454 Gr.;ARCOR;ALIMENTOS
7790580509606;MERMELADA FRASCO ARCOR FRUTILLA 12 X 454 Gr.;ARCOR;ALIMENTOS
7790580511500;MERMELADA FRASCO ARCOR LIGHT CIRUELA 12 X 390 Gr.;ARCOR;ALIMENTOS
7790580511401;MERMELADA FRASCO ARCOR LIGHT DAMASCO 12 X 390 Gr.;ARCOR;ALIMENTOS
7790580511302;MERMELADA FRASCO ARCOR LIGHT DURAZNO 12 X 390 Gr.;ARCOR;ALIMENTOS
7790580511708;MERMELADA FRASCO ARCOR LIGHT FRUTILLA 12 X 390 Gr.;ARCOR;ALIMENTOS
7790580511609;MERMELADA FRASCO ARCOR LIGHT NARANJA 12 X 390 Gr.;ARCOR;ALIMENTOS
7790580509804;MERMELADA FRASCO ARCOR NARANJA 12 X 454 Gr.;ARCOR;ALIMENTOS
7790580309602;MOGUL ANILLOx1k;ARCOR;GOLOSINAS
7790580169305;MOGUL CEREBRITOS 12x30g;ARCOR;GOLOSINAS
7790580259600;MOGUL DIENTES X150G;ARCOR;GOLOSINAS
7790580263102;MOGUL DIENTES x500g.;ARCOR;GOLOSINAS
7790580116453;MOGUL DINOS 12X30GR;ARCOR;GOLOSINAS
7790580309206;MOGUL EUCALIPTUS x1Kg.;ARCOR;GOLOSINAS
7790580311315;MOGUL FRUTALES X1K;ARCOR;GOLOSINAS
7790580107475;MOGUL FRUTILLA Y CREMAx500g.;ARCOR;GOLOSINAS
7790580123925;MOGUL FRUTILLAS ACIDAS X500G;ARCOR;GOLOSINAS
7790580128425;MOGUL FRUTILLAS ACIDAS x150g;ARCOR;GOLOSINAS
7790580436902;MOGUL GRANEL ANILLOS 16 x 250 Gr.;ARCOR;GOLOSINAS
7790580309602;MOGUL GRANEL ANILLOS 6 x 1 Kg.;ARCOR;GOLOSINAS
7790580106935;MOGUL GRANEL BOMBÓN DE FRUTA 12 x 500 Gr.;ARCOR;GOLOSINAS
7790580602406;MOGUL GRANEL CONITOS 16 x 250 Gr.;ARCOR;GOLOSINAS
7790580311315;MOGUL GRANEL CONITOS 6 x 1 Kg.;ARCOR;GOLOSINAS
7790580116361;MOGUL GRANEL CRAZY 6 x 500 Gr.;ARCOR;GOLOSINAS
7790580259600;MOGUL GRANEL DIENTES 24 x 150 Gr.;ARCOR;GOLOSINAS
7790580263102;MOGUL GRANEL DIENTES 6 x 500 Gr.;ARCOR;GOLOSINAS
7790580602314;MOGUL GRANEL EUCALIPTUS 16 x 250 Gr.;ARCOR;GOLOSINAS
7790580309206;MOGUL GRANEL EUCALIPTUS 6 x 1 Kg.;ARCOR;GOLOSINAS
7790580107475;MOGUL GRANEL FRUTILLAS Y CREMA 6 x 500 Gr.;ARCOR;GOLOSINAS
7790580128425;MOGUL GRANEL FRUTILLAS ÁCIDAS 24 x 150 Gr.;ARCOR;GOLOSINAS
7790580123925;MOGUL GRANEL FRUTILLAS ÁCIDAS 6 x 500 Gr.;ARCOR;GOLOSINAS
7790580617103;MOGUL GRANEL GUSANITOS 6 x 500 Gr.;ARCOR;GOLOSINAS
7790580118044;MOGUL GRANEL JELLY BUTTON 16 x 250 Gr.;ARCOR;GOLOSINAS
7790580308100;MOGUL GRANEL JELLY BUTTON 6 x 1 Kg.;ARCOR;GOLOSINAS
7790580123536;MOGUL GRANEL MORAS 16 x 250 Gr.;ARCOR;GOLOSINAS
7790580259402;MOGUL GRANEL MORAS 24 x 150 Gr.;ARCOR;GOLOSINAS
7790580262402;MOGUL GRANEL MORAS 6 x 500 Gr.;ARCOR;GOLOSINAS
7790580116354;MOGUL GRANEL MORAS CRAZY 6 x 500 Gr.;ARCOR;GOLOSINAS
7790580123932;MOGUL GRANEL OSITOS 6 x 500 Gr.;ARCOR;GOLOSINAS
7790580117849;MOGUL GRANEL OSO EXTREME 16 x 200 Gr.;ARCOR;GOLOSINAS
7790580121105;MOGUL GRANEL SANDIAS 6 x 500 Gr.;ARCOR;GOLOSINAS
7790580617103;MOGUL GUSANITOS ACIDOS x500g.;ARCOR;GOLOSINAS
7790580123888;MOGUL INDIVIDUAL EUCALIPTUS 12 x 10 x 60 Gr.;ARCOR;GOLOSINAS
7790580116408;MOGUL INDIVIDUAL FRUTALES 12 x 10 x 60 Gr.;ARCOR;GOLOSINAS
7790580105884;MOGUL INDIVIDUAL FRUTAS 12 x 12 x 25 Gr.;ARCOR;GOLOSINAS
7790580130237;MOGUL INDIVIDUAL OSO EXTREME 12 x 10 x 50 Gr.;ARCOR;GOLOSINAS
7790580116415;MOGUL INDIVIDUAL RODAJAS ÁCIDAS 12 x 10 x 60 Gr.;ARCOR;GOLOSINAS
7790580116460;MOGUL INDIVIDUAL ROLLO EXTREME 12 x 12 x 35 Gr.;ARCOR;GOLOSINAS
7790580130244;MOGUL INDIVIDUAL SANDÍA EXTREME 12 x 10 x 50 Gr.;ARCOR;GOLOSINAS
7790580121167;MOGUL INDIVIDUAL TUTTI FRUTTI 12 x 10 x 60 Gr.;ARCOR;GOLOSINAS
7790580169305;MOGUL INFANTILES CEREBRITOS 12 x 12 x 30 Gr.;ARCOR;GOLOSINAS
7790580116453;MOGUL INFANTILES DINOS 12 x 12 x 30 Gr.;ARCOR;GOLOSINAS
7790580405625;MOGUL INFANTILES MOGUL 24 x 80 Gr.;ARCOR;GOLOSINAS
7790580116446;MOGUL INFANTILES MONSTRUITOS 12 x 12 x 30 Gr.;ARCOR;GOLOSINAS
7790580199906;MOGUL INFANTILES OSITOS 12 x 12 x 30 Gr.;ARCOR;GOLOSINAS
7790580323721;MOGUL INFANTILES OSITOS 24 x 80 Gr.;ARCOR;GOLOSINAS
7790580617806;MOGUL INFANTILES PIECITOS 12 x 12 x 30 Gr.;ARCOR;GOLOSINAS
7790580405618;MOGUL INFANTILES TIBURONCITOS 24 x 80 Gr.;ARCOR;GOLOSINAS
7790580200107;MOGUL INFANTILES TIBURÓN 12 x 12 x 30 Gr.;ARCOR;GOLOSINAS
7790580230104;MOGUL INFANTILES VIBORITAS 12 x 12 x 30 Gr.;ARCOR;GOLOSINAS
7790580259402;MOGUL MORAS X150 G;ARCOR;GOLOSINAS
7790580262402;MOGUL MORAS x 500g;ARCOR;GOLOSINAS
7790580199906;MOGUL OSITOS 12x30g.;ARCOR;GOLOSINAS
7790580123932;MOGUL OSITOS x500g;ARCOR;GOLOSINAS
7790580130237;MOGUL OSO EXTREME 10x50g;ARCOR;GOLOSINAS
7790580117849;MOGUL OSO EXTREME x200g.;ARCOR;GOLOSINAS
7790580617806;MOGUL PIECITOS 12x30g;ARCOR;GOLOSINAS
7790580116460;MOGUL ROLLO EXTREMEx12u.;ARCOR;GOLOSINAS
7790580130244;MOGUL SANDIA EXTREME 10x50g;ARCOR;GOLOSINAS
7790580121105;MOGUL SANDIAS x 500g;ARCOR;GOLOSINAS
7790580200107;MOGUL TIBURON 12x30g;ARCOR;GOLOSINAS
7790580230104;MOGUL VIBORITAS 12x30g.;ARCOR;GOLOSINAS
7790580118099;MR POPS EVOLUTION BLUEBERRY 12 x 24 Un.;ARCOR;GOLOSINAS
7790580118037;MR POPS EVOLUTION CHERRY 12 x 24 Un.;ARCOR;GOLOSINAS
7790580123857;MR POPS EVOLUTION EXTREME 12 x 24 Un.;ARCOR;GOLOSINAS
7790580118112;MR POPS EVOLUTION FEST 12 x 24 Un.;ARCOR;GOLOSINAS
7790580118129;MR POPS EVOLUTION PINTALENGUA 12 x 24 Un.;ARCOR;GOLOSINAS
7790580116811;MR POPS EVOLUTION SURTIDO 12 x 24 Un.;ARCOR;GOLOSINAS
7790580118099;MR.POPS EVOL. BLUEBER X24U;ARCOR;GOLOSINAS
7790580118037;MR.POPS EVOL. CEREZA x 24u;ARCOR;GOLOSINAS
7790580123857;MR.POPS EVOL. EXTR. DUO x 24u;ARCOR;GOLOSINAS
7790580118112;MR.POPS EVOL. FEST x24;ARCOR;GOLOSINAS
7790580118129;MR.POPS EVOL. P.LENGUA x24u;ARCOR;GOLOSINAS
7790580116811;MR.POPS EVOL. SURTIDO x24u.;ARCOR;GOLOSINAS
7790580125561;NATURAL BREAK INDIVIDUAL ENERGÍA 8 x 8 x 28 Gr.;ARCOR;GOLOSINAS
7790580121099;NATURAL BREAK INDIVIDUAL FIBRA 8 x 8 x 30 Gr.;ARCOR;GOLOSINAS
7790580125998;NATURAL BREAK INDIVIDUAL LIVIANO 8 x 8 x 24 Gr.;ARCOR;GOLOSINAS
7790580125554;NATURAL BREAK INDIVIDUAL NUTRITIVO 8 x 8 x 25 Gr.;ARCOR;GOLOSINAS
7790580124427;NATURAL BREAK STICKS BARRA FRUTOS ROJOS 6 x 20 x 40 Gr.;ARCOR;GOLOSINAS
7790580128678;NATURAL BREAK STICKS BARRA FRUTOS SECOS 6 x 20 x 33 Gr.;ARCOR;GOLOSINAS
7790580119614;NUTRICIÓN MENSUAL CALCIO + VITAMINA D 6 X 60 Un.;ARCOR;NUTRICIÓN
7790580125615;NUTRICIÓN MENSUAL DIETA CONTROL 24 x 12 x 8 Un.;ARCOR;NUTRICIÓN
7790580118075;NUTRICIÓN MENSUAL FIBRA 6 X 60 Un.;ARCOR;NUTRICIÓN
7790580118082;NUTRICIÓN MENSUAL VITALIDAD 6 X 60 Un.;ARCOR;NUTRICIÓN
7790580125684;NUTRICIÓN SEMANAL CALCIO + VITAMINA D 12 X 28 Un.;ARCOR;NUTRICIÓN
7790580125691;NUTRICIÓN SEMANAL FIBRA 12 X 28 Un.;ARCOR;NUTRICIÓN
7790580125677;NUTRICIÓN SEMANAL VITALIDAD 12 X 28 Un.;ARCOR;NUTRICIÓN
7790580110130;OBLEA BOB LEC. XL x45g.;ARCOR;CHOCOLATES
7790580346607;OBLEA BON O BON BLANCO 8 X 20 X 30 Gr.;ARCOR;CHOCOLATES
7790580346508;OBLEA BON O BON LECHE 8 X 20 X 30 Gr.;ARCOR;CHOCOLATES
7790580110130;OBLEA BON O BON LECHE XL 8 X 16 X 45 Gr.;ARCOR;CHOCOLATES
7790580346607;OBLEA BONoBON BCA.x30g.;ARCOR;CHOCOLATES
7790580346508;OBLEA BONoBON LECHE x30g.;ARCOR;CHOCOLATES
7790580013806;OBLEA COFLER BLOCK 8 X 20 X 35 Gr.;ARCOR;CHOCOLATES
7790580120443;OBLEA COFLER BLOCK XL 8 X 16 X 54 Gr.;ARCOR;CHOCOLATES
7790580124090;OBLEA COFLER CHOCOLINAS XL 8 X 16 X 54 Gr.;ARCOR;CHOCOLATES
7790580124045;OBLEA COFLER GRAFFITI BLANCO 16 X 12 X 45 Gr.;ARCOR;CHOCOLATES
7790580124069;OBLEA COFLER GRAFFITI CLÁSICO 16 X 12 X 45 Gr.;ARCOR;CHOCOLATES
7790580024901;PALITOS AGUA ADULTOS SLICE FRUTILLA 22 X 70 Cc.;ARCOR;HELADOS
7790580708405;PALITOS AGUA ADULTOS SLICE LIMÓN 22 X 70 Cc.;ARCOR;HELADOS
7790580121846;PALITOS AGUA ADULTOS SLICE MULTIFRUTA 22 X 70 Cc.;ARCOR;HELADOS
7790580117610;PALITOS AGUA INFANTILES DIDON HELADO 32 X 50 Cc.;ARCOR;HELADOS
7790580127107;PALITOS AGUA INFANTILES MOGUL EXTREME SANDIA 30 X 50 Cc.;ARCOR;HELADOS
7790580394004;PALITOS AGUA INFANTILES MR POP'S SURTIDO 45 X 50 Cc.;ARCOR;HELADOS
7790580127114;PALITOS AGUA INFANTILES MR POP'S TUBIX 24 X 60 Cc.;ARCOR;HELADOS
7790580127497;PALITOS INDULGENTES ARCOR CHOCOLATE BLANCO Y COOKIES 20 X 85 Cc.;ARCOR;HELADOS
7790580112394;PALITOS INDULGENTES ARCOR CHOCOLATE CREMA AMERICANA 20 X 80 Cc.;ARCOR;HELADOS
7790580395803;PALITOS INDULGENTES COFLER ALMENDRAS 16 X 80 Cc.;ARCOR;HELADOS
7790580108397;PALITOS INDULGENTES COFLER BLOCK 16 X 80 Cc.;ARCOR;HELADOS
7790580121334;PALITOS INDULGENTES COFLER CHOCOLINAS 16 X 80 Cc.;ARCOR;HELADOS
7790580395605;PALITOS INDULGENTES CORAZON BON O BON 16 X 60 Cc.;ARCOR;HELADOS
7790580112653;PALITOS INDULGENTES INFANTILES PALITO BOMBÓN ARCOR 30 X 60 Cc.;ARCOR;HELADOS
7790580524104;PALITOS INDULGENTES INFANTILES ROCKLETS COLORES 16 X 60 Cc.;ARCOR;HELADOS
7790580252908;PAQ.Mr. POPS FRUTAL x10u.;ARCOR;GOLOSINAS
7790580126049;PIZZA ARCOR S/TAC x 500gr;ARCOR;ALIMENTOS
7790580121877;POSTRE HELADO AGUILA 6 X 1400 Cc.;ARCOR;HELADOS
7790580121884;POSTRE HELADO ALMENDRADO ARCOR 6 X 1400 Cc.;ARCOR;HELADOS
7790580121907;POSTRE HELADO BON O BON 6 X 1400 Cc.;ARCOR;HELADOS
7790580121891;POSTRE HELADO POSTRE CHOCOLINAS CHOCOTORTA 6 X 1400 Cc.;ARCOR;HELADOS
7790580121839;POSTRE HELADO POSTRE ITALIANO AGUILA 6 X 1400 Cc.;ARCOR;HELADOS
7790580121860;POSTRE HELADO TOFI 6 X 1400 Cc.;ARCOR;HELADOS
7790580454210;POSTRE HELADO TRES CREMAS ARCOR 8 X 2000 Cc.;ARCOR;HELADOS
7790580127787;POSTRES BC CHOCOLATE 48 X 60 Gr.;ARCOR;ALIMENTOS
7790580127770;POSTRES BC LIMÓN CREMA 48 X 50 Gr.;ARCOR;ALIMENTOS
7790580127763;POSTRES BC VAINILLA 48 X 50 Gr.;ARCOR;ALIMENTOS
7790580111137;POSTRES GODET CHOCOLATE 48 X 70 Gr.;ARCOR;ALIMENTOS
7790580110628;POSTRES GODET DULCE DE LECHE 48 X 70 Gr.;ARCOR;ALIMENTOS
7790580111113;POSTRES GODET VAINILLA 48 X 70 Gr.;ARCOR;ALIMENTOS
7790580126087;PREMEZCLAS SIN GLUTEN BIZCOCHUELO CHOCOLATE SIN TACC 12 X 500 Gr.;ARCOR;ALIMENTOS
7790580126070;PREMEZCLAS SIN GLUTEN BIZCOCHUELO VAINILLA SIN TACC 12 X 500 Gr.;ARCOR;ALIMENTOS
7790580126049;PREMEZCLAS SIN GLUTEN PIZZA 12 X 500 Gr.;ARCOR;ALIMENTOS
7790580126063;PREMEZCLAS SIN GLUTEN ÑOQUIS ESPINACA SIN TACC 12 X 400 Gr.;ARCOR;ALIMENTOS
7790580126056;PREMEZCLAS SIN GLUTEN ÑOQUIS PAPA SIN TACC 12 X 400 Gr.;ARCOR;ALIMENTOS
7790580126315;PRESTO ESPINACA/CREMA x250;ARCOR;ALIMENTOS
7790580126322;PRESTO PANC/QUESO x250;ARCOR;ALIMENTOS
7790580126315;PRESTOPRONTA ESPINACA A LA CREMA 42 X 250 Gr.;ARCOR;ALIMENTOS
7790580126322;PRESTOPRONTA PANCETA Y QUESO 42 X 250 Gr.;ARCOR;ALIMENTOS
7790580131098;PURE TETRA ARCOR x 1050G;ARCOR;ALIMENTOS
7790580131098;PURÉ DE TOMATE TETRABRIK ARCOR 12 X 1050 Gr.;ARCOR;ALIMENTOS
7790580221904;PURÉ DE TOMATE TETRABRIK ARCOR PURÉ DE TOMATE 12 X 520 Gr.;ARCOR;ALIMENTOS
7790580344207;RELLENOS ARCOR BASTÓN VIENA 12 x 470 Gr.;ARCOR;GOLOSINAS
7790580223205;RELLENOS ARCOR LOTSA FIZZ 12 x 48 x 18,4 Gr.;ARCOR;GOLOSINAS
7790580470203;RELLENOS ARCOR MENTA CHOCOLATE 36 x 150 Gr.;ARCOR;GOLOSINAS
7790580118273;RELLENOS ARCOR MENTA CHOCOLATE 6 x 715 Gr.;ARCOR;GOLOSINAS
7790580118297;RELLENOS ARCOR RELLENO MIEL + MENTA 12 x 335 Gr.;ARCOR;GOLOSINAS
7790580470500;RELLENOS ARCOR RELLENOS FRUTALES 36 x 150 Gr.;ARCOR;GOLOSINAS
7790580471309;RELLENOS ARCOR RELLENOS FRUTALES 6 x 810 Gr.;ARCOR;GOLOSINAS
7790580470005;RELLENOS ARCOR RELLENOS MIEL 36 x 150 Gr.;ARCOR;GOLOSINAS
7790580118280;RELLENOS ARCOR RELLENOS MIEL 6 x 675 Gr.;ARCOR;GOLOSINAS
7790580118938;RELLENOS DE REPOSTERÍA AGUILA 3 EN 1 24 X 290 Gr.;ARCOR;CHOCOLATES
7790580120337;RELLENOS DE REPOSTERÍA RELLENO AGUILA AVELLANAS 24 X 290 Gr.;ARCOR;CHOCOLATES
7790580108489;RELLENOS DE REPOSTERÍA UNTABLE BON O BON 24 X 290 Gr.;ARCOR;CHOCOLATES
7790580115999;ROCKLETON 16X14GR;ARCOR;CHOCOLATES
7790580422004;ROCKLETS 10 X 1 Kg.;ARCOR;CHOCOLATES
7790580327408;ROCKLETS 12 X 18 X 40 Gr.;ARCOR;CHOCOLATES
7790580423414;ROCKLETS 12 X 24 X 20 Gr.;ARCOR;CHOCOLATES
7790580423414;ROCKLETS 24x20g.;ARCOR;CHOCOLATES
7790580107635;ROCKLETS 32 X 150 Gr.;ARCOR;CHOCOLATES
7790580115739;ROCKLETS BOLLS 9 X 12 X 35 Gr.;ARCOR;CHOCOLATES
7790580115739;ROCKLETS BOLLS x 35gr;ARCOR;CHOCOLATES
7790580115999;ROCKLETS FIGURAS ROCKLETÓN 12 X 16 Un. X 13.5 Gr.;ARCOR;CHOCOLATES
7790580117566;ROCKLETS FIGURAS SUPER ROCKLETS 8 X 12 Un. X 30 Gr.;ARCOR;CHOCOLATES
7790580121457;ROCKLETS MANI x 40G;ARCOR;CHOCOLATES
7790580426606;ROCKLETS MINI 12 X 44 X 10 Gr.;ARCOR;CHOCOLATES
7790580116583;ROCKLETS MINI 32 X 150 Gr.;ARCOR;CHOCOLATES
7790580116583;ROCKLETS MINI BOLSAx150g.;ARCOR;CHOCOLATES
7790580107635;ROCKLETS x 150gr;ARCOR;CHOCOLATES
7790580327408;ROCKLETS x 40g.;ARCOR;CHOCOLATES
7790580775407;SALADIX BOLSA CALABRESA 8 X 6 X 30 Gr.;ARCOR;GALLETAS
7790580387105;SALADIX BOLSA JAMÓN 8 X 6 X 30 Gr.;ARCOR;GALLETAS
7790580387006;SALADIX BOLSA PIZZA 8 X 6 X 30 Gr.;ARCOR;GALLETAS
7790580716806;SALADIX CALABRESA x 100Gr.;ARCOR;GALLETAS
7790580716806;SALADIX ESTUCHE CALABRESA 4 X 6 X 100 Gr.;ARCOR;GALLETAS
7790580716707;SALADIX ESTUCHE JAMÓN 4 X 6 X 100 Gr.;ARCOR;GALLETAS
7790580717407;SALADIX ESTUCHE PARMESANO 4 X 6 X 100 Gr.;ARCOR;GALLETAS
7790580697303;SALADIX ESTUCHE PIZZA 4 X 6 X 100 Gr.;ARCOR;GALLETAS
7790580716707;SALADIX JAMON x 100Gr.;ARCOR;GALLETAS
7790580697303;SALADIX PIZZA x 100Gr.;ARCOR;GALLETAS
7790580775407;SALADIX TIRA CALAB 6u.x30Gr.;ARCOR;GALLETAS
7790580387105;SALADIX TIRA JAMON 6u.x30g.;ARCOR;GALLETAS
7790580408343;SALSAS ARCOR INDIVIDUAL PIZZA 24 X 200 Gr.;ARCOR;ALIMENTOS
7790580956707;SALSAS ARCOR PIZZA 24 X 340 Gr.;ARCOR;ALIMENTOS
7790580131173;SAPITO CARITA HELADA 30 X 60 Gr. (86 Cc.);ARCOR;HELADOS
7790580107192;SELECCIÓN ARCOR SURTIDO BOMBÓN 16 X 258 Gr.;ARCOR;CHOCOLATES
7790580110796;SELECCIÓN ARCOR SURTIDO CHOCOLATE 16 X 276 Gr.;ARCOR;CHOCOLATES
7790580125684;SIMPLE CALCIO+D x28u;ARCOR;NUTRICIÓN
7790580119614;SIMPLE CALCIO+D x60u;ARCOR;NUTRICIÓN
7790580125691;SIMPLE FIBRA x28u;ARCOR;NUTRICIÓN
7790580118075;SIMPLE FIBRA x60u;ARCOR;NUTRICIÓN
7790580125677;SIMPLE VITALIDAD x28un;ARCOR;NUTRICIÓN
7790580118082;SIMPLE VITALIDAD x60u;ARCOR;NUTRICIÓN
7790580123338;TABLETAS ARCOR 50% CACAO 6 X 14 X 100 Gr.;ARCOR;CHOCOLATES
7790580003340;TABLETAS ARCOR BLANCO CON MANÍ 6 X 14 X 100 Gr.;ARCOR;CHOCOLATES
7790580103330;TABLETAS ARCOR LECHE CON MANÍ 6 X 14 X 100 Gr.;ARCOR;CHOCOLATES
7790580003357;TABLETAS ARCOR MARMOLADO 6 X 14 X 100 Gr.;ARCOR;CHOCOLATES
7790580127152;TABLETAS COFLER AIREADO RELLENO BON O BON 8 X 20 X 30 Gr.;ARCOR;CHOCOLATES
7790580746407;TOFI RELLENO BLANCO x27Gr;ARCOR;CHOCOLATES
7790580746704;TOFI RELLENO BLCO x55Gs;ARCOR;CHOCOLATES
7790580746605;TOFI RELLENO LECH x55Gs;ARCOR;CHOCOLATES
7790580746308;TOFI RELLENO LECHE x28g.;ARCOR;CHOCOLATES
7790580567101;TOMATE CUBETEADO 2 X 12 X 400 Gr.;ARCOR;ALIMENTOS
7790580567101;TOMATE PEL. PER.CUBETEADO X 400 GR;ARCOR;ALIMENTOS
7790580567903;TOMATE PEL.PERITA x 400 Gr;ARCOR;ALIMENTOS
7790580567903;TOMATE PERITA ARCOR 2 X 12 X 400 Gr.;ARCOR;ALIMENTOS
7790580326906;TOP LINE 7 MANDAR.16x14g.;ARCOR;GOLOSINAS
7790580123345;TOP LINE 7 MENTHOL 16x14g;ARCOR;GOLOSINAS
7790580109189;TOP LINE 7 SANDIA 16x14g.;ARCOR;GOLOSINAS
7790580511104;TOP LINE 7 STRAWBERRY x16u;ARCOR;GOLOSINAS
7790580361204;TOP LINE 7 STRONG 16x14g;ARCOR;GOLOSINAS
7790580120115;TOP LINE 7 ULTRA BERRY x12u;ARCOR;GOLOSINAS
7790580121020;TOP LINE 7 ULTRA CLEAN x12u;ARCOR;GOLOSINAS
7790580121006;TOP LINE 7 ULTRA MINT x12u;ARCOR;GOLOSINAS
7790580104252;TOP LINE 7 VIOLET CHERRY x16u;ARCOR;GOLOSINAS
7790580317607;TOP LINE 7 XPLOS.MIN 16x14g.;ARCOR;GOLOSINAS
7790580144906;TOP LINE DEFENSE x20u.;ARCOR;GOLOSINAS
7790580144609;TOP LINE FRUTA x20u.;ARCOR;GOLOSINAS
7790580145002;TOP LINE MENTA x20u.;ARCOR;GOLOSINAS
7790580146405;TOP LINE SAND/MTA.x20u.;ARCOR;GOLOSINAS
7790580144708;TOP LINE STRONG x20u.;ARCOR;GOLOSINAS
7790580144906;TOPLINE DEFENSE 30 x 20 x 6,7 Gr.;ARCOR;GOLOSINAS
7790580144609;TOPLINE FRUTA 30 x 20 x 6,7 Gr.;ARCOR;GOLOSINAS
7790580145002;TOPLINE MENTA 30 x 20 x 6,7 Gr.;ARCOR;GOLOSINAS
7790580146405;TOPLINE SANDÍA 30 x 20 x 6,7 Gr.;ARCOR;GOLOSINAS
7790580361204;TOPLINE SEVEN ATOMIC STRONG 36 x 16 x 14 Gr.;ARCOR;GOLOSINAS
7790580326906;TOPLINE SEVEN MANDARINA 36 x 16 x 14 Gr.;ARCOR;GOLOSINAS
7790580123345;TOPLINE SEVEN MENTOL 36 x 16 x 14 Gr.;ARCOR;GOLOSINAS
7790580109189;TOPLINE SEVEN SANDÍA 36 x 16 x 14 Gr.;ARCOR;GOLOSINAS
7790580121020;TOPLINE SEVEN ULTRA CLEAN MINT 12 x 12 x 24 Gr.;ARCOR;GOLOSINAS
7790580121006;TOPLINE SEVEN ULTRA GREEN MINT 12 x 12 x 24 Gr.;ARCOR;GOLOSINAS
7790580120115;TOPLINE SEVEN ULTRA RED BERRY 12 x 12 x 24 Gr.;ARCOR;GOLOSINAS
7790580511104;TOPLINE SEVEN VIBRANT STRAWBERRY 36 x 16 x 14 Gr.;ARCOR;GOLOSINAS
7790580104252;TOPLINE SEVEN VIOLET CHERRY 36 x 16 x 14 Gr.;ARCOR;GOLOSINAS
7790580317607;TOPLINE SEVEN X-PLOSIVE MINT 36 x 16 x 14 Gr.;ARCOR;GOLOSINAS
7790580144708;TOPLINE STRONG 30 x 20 x 6,7 Gr.;ARCOR;GOLOSINAS
7790580122287;TORTA AGUILA BROWNIE x425gr;ARCOR;ALIMENTOS
7790580122300;TORTA AGUILA HUMEDA x 450gr;ARCOR;ALIMENTOS
7790580126087;TORTA ARCOR CHOC S/TACC x500g;ARCOR;ALIMENTOS
7790580126070;TORTA ARCOR VAINILLA S/TACC x 500gr;ARCOR;ALIMENTOS
7790580538903;TORTITAS BLACK X 125G;ARCOR;GALLETAS
7790580538903;TORTITAS PAQUETE TORTITAS BLACK 24 X 125 Gr.;ARCOR;GALLETAS
7790580401504;TURRÓN OBLEA ARCOR AGRUPADO 20 x 10 x 25 Gr.;ARCOR;GOLOSINAS
7790580126056;ÑOQUI PAPA ARCOR S/TAC x 400gr;ARCOR;ALIMENTOS
